"No of Cases, Percentage, Age Specific Rate (ASPR),  Crude Incidence Rate (CIR),",,,,,,,,,,,,,,,,,,,,,,
"Age Standardised Rate (ASR), Age Truncated Rate (35 - 64) (T.R), Cumulative Risk (0 - 74) (C.R)",,,,,,,,,,,,,,,,,,,,,,
FEMALE  -  AGE GROUP:  0  to   75+   -  YEAR FROM : 2017 TO : 2021   - SITE :  All Sites      ALL DISTRICTS,,,,,,,,,,,,,,,,,,,,,,
District,TOTAL,%,0-4,5-9',10-14',15-19,20-24,25-29,30-34,35-39,40-44,45-49,50-54,55-59,60-64,65-69,70-74,75+,C.I.R,A.S.R,T.R,C.R
Ariyalur,1811,0.0 ,6.1 ,5.4 ,4.8 ,4.0 ,11.8 ,19.8 ,21.0 ,65.9 ,92.9 ,209.6 ,210.8 ,326.5 ,221.9 ,233.1 ,186.5 ,124.8 ,88.7 ,73.7 ,176.1 ,7.781 
Chennai,17762,0.0 ,13.8 ,10.9 ,10.3 ,11.4 ,13.3 ,18.8 ,38.6 ,67.9 ,114.0 ,206.9 ,318.8 ,403.7 ,483.1 ,659.3 ,624.1 ,571.2 ,143.3 ,128.0 ,241.1 ,13.907 
Coimbatore,12375,0.0 ,6.0 ,6.0 ,6.5 ,9.0 ,11.9 ,21.4 ,33.9 ,68.8 ,106.2 ,186.4 ,268.3 ,336.8 ,380.6 ,427.3 ,408.1 ,349.0 ,124.3 ,99.2 ,205.8 ,10.761 
Cuddalore,7185,0.0 ,7.8 ,5.1 ,7.4 ,8.4 ,5.8 ,15.8 ,33.7 ,67.4 ,111.9 ,184.3 ,275.6 ,344.3 ,324.9 ,346.3 ,307.5 ,273.8 ,99.2 ,91.0 ,201.2 ,9.724 
Dharmapuri,3885,0.0 ,7.0 ,4.6 ,5.3 ,5.9 ,6.7 ,18.3 ,30.3 ,79.4 ,129.7 ,186.7 ,247.7 ,286.0 ,349.3 ,332.5 ,258.9 ,191.6 ,94.4 ,86.7 ,198.5 ,9.282 
Dindigul,5563,0.0 ,5.4 ,5.9 ,5.8 ,6.3 ,11.8 ,15.8 ,27.5 ,59.5 ,97.1 ,180.4 ,235.5 ,298.0 ,249.5 ,289.7 ,246.9 ,235.8 ,93.1 ,78.4 ,173.9 ,8.310 
Erode,8058,0.0 ,8.0 ,4.4 ,7.0 ,7.8 ,10.1 ,15.8 ,32.3 ,72.6 ,110.6 ,172.5 ,275.6 ,298.1 ,333.6 ,406.4 ,366.5 ,315.0 ,124.8 ,93.0 ,194.8 ,10.063 
Kanchipuram,15045,0.0 ,12.1 ,12.9 ,7.2 ,8.9 ,11.6 ,16.9 ,37.2 ,74.4 ,117.2 ,200.8 ,292.1 ,365.0 ,450.5 ,550.1 ,424.0 ,318.5 ,114.5 ,110.8 ,228.3 ,12.107 
Kanyakumari,6335,0.0 ,12.3 ,8.1 ,8.3 ,14.3 ,19.5 ,22.7 ,33.3 ,70.3 ,103.6 ,198.3 ,239.7 ,299.6 ,323.6 ,439.0 ,412.0 ,264.8 ,122.2 ,95.6 ,191.1 ,10.436 
Karur,2962,0.0 ,4.5 ,8.6 ,10.2 ,8.0 ,7.5 ,16.4 ,29.9 ,52.9 ,108.1 ,179.9 ,246.0 ,304.7 ,254.6 ,269.2 ,213.1 ,211.7 ,99.0 ,78.5 ,177.8 ,8.211 
Krishnagiri,4064,0.0 ,8.8 ,5.3 ,5.5 ,7.0 ,8.4 ,16.3 ,28.4 ,57.9 ,94.7 ,162.8 ,224.4 ,291.7 ,289.8 ,347.6 ,248.5 ,189.7 ,78.6 ,79.0 ,172.3 ,8.593 
Madurai,9125,0.0 ,7.1 ,7.0 ,8.9 ,12.7 ,13.5 ,19.5 ,35.2 ,63.5 ,102.3 ,192.2 ,276.5 ,324.3 ,316.5 ,336.9 ,293.2 ,276.8 ,104.7 ,90.7 ,196.6 ,9.557 
Nagapattinam,3624,0.0 ,9.2 ,8.6 ,5.4 ,5.4 ,6.1 ,16.5 ,28.3 ,65.9 ,87.0 ,166.0 ,208.2 ,248.6 ,265.7 ,267.9 ,191.4 ,145.0 ,82.3 ,71.3 ,161.7 ,7.597 
Nilgiri,1533,0.0 ,2.2 ,3.6 ,3.5 ,7.6 ,16.1 ,12.9 ,27.3 ,47.1 ,64.1 ,141.0 ,159.2 ,207.2 ,242.9 ,263.3 ,272.2 ,179.1 ,83.3 ,63.6 ,132.6 ,7.087 
Namakkal,4361,0.0 ,9.3 ,5.0 ,4.8 ,4.3 ,8.8 ,13.3 ,24.8 ,55.9 ,96.7 ,169.9 ,203.0 ,240.3 ,237.3 ,249.5 ,230.8 ,177.2 ,89.4 ,69.9 ,156.8 ,7.474 
Perambalur,1426,0.0 ,12.8 ,7.0 ,3.1 ,6.3 ,9.1 ,17.2 ,25.7 ,69.4 ,94.5 ,194.6 ,247.0 ,269.7 ,253.3 ,274.8 ,255.3 ,194.3 ,90.1 ,78.7 ,176.7 ,8.330 
Pudukottai,3296,0.0 ,11.1 ,3.8 ,3.9 ,12.3 ,12.0 ,14.8 ,22.3 ,50.6 ,84.7 ,156.1 ,204.9 ,244.0 ,215.3 ,252.2 ,169.6 ,135.1 ,74.2 ,66.4 ,148.7 ,7.029 
Ramanathapuram,2441,0.0 ,7.9 ,4.4 ,4.9 ,5.6 ,8.6 ,17.0 ,31.2 ,50.2 ,74.8 ,143.2 ,191.5 ,223.3 ,181.9 ,231.1 ,203.3 ,85.6 ,66.7 ,60.8 ,135.1 ,6.663 
Salem,9516,0.0 ,9.3 ,6.7 ,6.8 ,6.2 ,10.9 ,17.3 ,29.4 ,59.0 ,103.2 ,178.4 ,251.7 ,271.8 ,296.4 ,307.6 ,269.7 ,196.0 ,98.1 ,81.3 ,179.8 ,8.718 
Sivagangai,3012,0.0 ,9.9 ,6.5 ,4.9 ,9.4 ,10.1 ,14.5 ,26.3 ,51.8 ,98.2 ,154.8 ,216.9 ,228.0 ,236.0 ,281.9 ,197.0 ,123.9 ,80.6 ,69.2 ,153.9 ,7.440 
Thanjavur,6803,0.0 ,7.5 ,4.9 ,6.4 ,8.7 ,12.7 ,23.9 ,39.0 ,69.3 ,107.4 ,188.2 ,247.2 ,293.1 ,304.7 ,329.9 ,265.4 ,189.3 ,103.3 ,85.2 ,187.6 ,9.100 
Theni,3031,0.0 ,6.7 ,5.7 ,8.3 ,7.9 ,11.7 ,21.1 ,37.5 ,60.3 ,98.6 ,166.7 ,217.8 ,232.2 ,257.4 ,245.9 ,215.3 ,148.6 ,87.2 ,72.4 ,161.3 ,7.657 
Thoothukudi,4075,0.0 ,5.4 ,5.5 ,6.6 ,11.0 ,14.7 ,15.8 ,29.7 ,58.5 ,83.7 ,162.8 ,233.1 ,252.6 ,242.0 ,261.2 ,206.0 ,153.6 ,85.1 ,71.8 ,160.4 ,7.636 
Tirunelveli,6364,0.0 ,7.2 ,6.2 ,5.8 ,8.0 ,9.3 ,13.8 ,26.0 ,51.4 ,73.3 ,142.7 ,189.2 ,220.3 ,215.1 ,226.4 ,193.8 ,135.1 ,74.3 ,62.4 ,138.4 ,6.706 
Tiruchirapalli,8018,0.0 ,9.3 ,6.0 ,6.4 ,6.8 ,13.5 ,14.8 ,36.5 ,69.6 ,106.7 ,189.8 ,235.3 ,312.1 ,310.3 ,345.6 ,300.5 ,213.4 ,105.5 ,86.6 ,189.1 ,9.349 
Tiruppur,6326,0.0 ,5.6 ,4.5 ,4.4 ,5.8 ,9.6 ,14.5 ,26.8 ,47.6 ,87.4 ,149.4 ,222.9 ,262.1 ,279.4 ,298.5 ,306.3 ,220.0 ,89.1 ,74.9 ,160.9 ,8.264 
Tiruvarur,3893,0.0 ,9.2 ,9.5 ,6.2 ,4.5 ,11.4 ,21.0 ,39.0 ,70.0 ,122.3 ,231.1 ,294.9 ,369.9 ,331.1 ,367.3 ,254.6 ,187.1 ,114.3 ,96.0 ,220.0 ,10.156 
Tiruvallur,13022,0.0 ,13.2 ,12.7 ,10.1 ,10.1 ,12.7 ,17.9 ,31.1 ,64.9 ,110.5 ,189.0 ,284.6 ,338.5 ,413.5 ,517.8 ,443.9 ,298.9 ,108.4 ,105.5 ,213.5 ,11.620 
Tiruvannamalai,5909,0.0 ,7.3 ,7.0 ,5.9 ,6.7 ,9.1 ,13.5 ,30.9 ,63.8 ,94.4 ,181.3 ,231.8 ,292.5 ,296.6 ,294.8 ,243.3 ,181.0 ,87.0 ,79.2 ,179.1 ,8.510 
Vellore,11224,0.0 ,8.2 ,12.2 ,6.7 ,7.9 ,9.7 ,17.6 ,34.5 ,72.9 ,110.6 ,201.3 ,274.7 ,299.4 ,346.1 ,426.5 ,327.7 ,293.1 ,102.1 ,95.6 ,202.1 ,10.218 
Virudhunagar,4121,0.0 ,7.6 ,7.5 ,6.4 ,8.2 ,7.9 ,14.7 ,24.4 ,49.8 ,95.2 ,157.1 ,225.2 ,245.7 ,215.2 ,214.1 ,197.8 ,152.3 ,77.7 ,67.5 ,154.3 ,7.118 
Villupuram,8524,0.0 ,4.8 ,6.8 ,5.6 ,7.8 ,8.0 ,14.9 ,33.1 ,61.5 ,112.1 ,192.4 ,239.6 ,288.2 ,295.9 ,344.8 ,252.1 ,198.5 ,87.0 ,83.0 ,184.9 ,8.916 
,,,,,,,,,,,,,,,,,,,,,,
,,,,,,,,,,,,,,,,,,,,,,
,,,,,,,,,,,,,,,,,,,,,,
,*Chennai district represents 155 divisions pertaining to old metropolitan limits only,,,,,,,,,,,,,,,,,,,,,
,*Kanchipuram district includes Chengalpattu district also,,,,,,,,,,,,,,,,,,,,,
,*Nagapattinam district includes Mayiladuthurai district also,,,,,,,,,,,,,,,,,,,,,
,*Tirunelveli district includes Tenkasi district also,,,,,,,,,,,,,,,,,,,,,
,*Vellore district includes Ranipet and Tirupattur districts also,,,,,,,,,,,,,,,,,,,,,
,*Viluppuram district includes Kallakuruchi district also,,,,,,,,,,,,,,,,,,,,,